item_no,cluster_id,prod_type_cluster_id,prod_type_and_name_cluster_id
00349849,0,0,0
00360484,1,2,6
00458876,0,0,1
00492677,2,11,17
00505528,2,11,18
00559371,3,12,25
00571250,3,12,26
09099105,4,15,36
09157421,4,15,36
09189078,0,1,5
09241302,3,13,33
09302913,5,16,37
09324284,5,17,38
09392225,0,0,1
09392230,3,14,35
09406798,6,24,45
09407024,7,25,46
09494889,4,15,36
09494912,3,13,34
09495006,8,26,47
09495049,9,27,48
09495054,9,28,50
09496628,9,29,51
09496666,9,29,51
09502691,3,12,25
09514788,3,12,27
09555081,10,33,57
09555118,10,33,57
09555236,10,34,58
09555321,3,12,28
09555340,3,12,28
09556127,11,35,59
09559965,9,30,54
09561954,12,36,60
09569224,3,12,29
09577771,13,37,61
09577785,13,37,61
09577790,13,37,61
09577808,13,37,61
09577813,13,37,61
09577832,13,37,61
09577846,13,37,61
09577851,13,37,61
09577865,13,37,61
09577889,13,37,61
09577894,13,37,61
09577907,13,37,61
09577926,13,37,61
09577931,13,37,61
09577945,13,37,61
09577969,13,37,61
09577988,13,37,61
09577993,13,37,61
09578006,13,37,61
09578011,13,37,61
09578049,13,37,61
09578068,13,37,61
09578092,13,37,61
09578148,13,37,61
09578172,13,37,61
09578191,13,37,61
09578209,13,37,61
09578394,13,37,61
09578450,13,37,61
09902934,0,0,2
09929373,14,38,65
10453086,0,0,3
10492672,2,11,17
10538929,14,39,66
19019085,14,38,65
19019226,14,40,70
19022549,14,38,65
19099157,14,41,71
19175957,14,42,72
19175976,15,46,83
19188827,9,27,49
19241293,14,43,73
19408669,16,47,84
19441739,17,48,85
19494879,4,15,36
19494884,0,0,2
19494898,2,11,19
19494997,15,46,83
19495015,14,38,65
19496487,3,12,25
19496500,3,12,25
19496538,14,39,67
19496699,0,0,4
19501733,14,43,74
19502695,14,39,67
19552751,3,12,30
19552869,13,37,62
19552874,13,37,62
19555127,10,33,57
19555170,10,33,57
19555269,13,37,62
19555373,3,12,28
19559941,15,46,83
19559955,14,38,65
19559960,14,40,70
19564363,3,12,29
19564382,3,12,29
19577756,13,37,61
19577761,13,37,61
19577775,13,37,61
19577780,13,37,61
19577799,13,37,61
19577817,13,37,61
19577841,13,37,61
19577855,13,37,61
19577879,13,37,61
19577884,13,37,61
19577898,13,37,61
19577916,13,37,61
19577921,13,37,61
19577935,13,37,61
19577940,13,37,61
19577959,13,37,61
19577964,13,37,61
19578015,13,37,61
19578044,13,37,61
19578063,13,37,61
19578077,13,37,61
19578119,13,37,61
19578195,13,37,61
19578204,13,37,61
19578336,13,37,61
19578355,13,37,61
19578398,13,37,61
19928288,14,44,77
20349853,14,44,78
20458941,3,12,31
20489179,0,0,4
20572499,3,12,28
20573253,14,39,68
29002433,14,38,65
29018735,0,0,2
29018740,0,0,2
29019056,2,11,20
29099294,14,44,77
29157420,4,15,36
29189077,14,45,81
29241358,14,45,82
29336554,5,18,39
29392234,14,44,79
29406797,6,24,45
29494888,14,44,77
29494925,9,27,49
29494973,14,38,65
29495010,14,40,70
29496585,0,0,4
29496689,14,44,80
29501695,2,11,21
29501704,14,43,74
29514754,3,12,27
29514768,3,12,27
29552859,10,33,57
29552878,13,37,62
29552883,13,37,62
29555075,10,33,57
29555259,13,37,62
29555344,14,39,68
29559945,14,40,70
29559950,14,38,65
29560171,14,39,69
29561953,12,36,60
29562028,13,37,62
29563396,2,11,22
29577807,13,37,61
29577812,13,37,61
29577826,13,37,61
29577831,13,37,61
29577845,13,37,61
29577850,13,37,61
29577869,13,37,61
29577874,13,37,61
29577888,13,37,61
29577911,13,37,61
29577949,13,37,61
29577954,13,37,61
29577973,13,37,61
29577987,13,37,61
29577992,13,37,61
29578005,13,37,61
29578048,13,37,61
29578067,13,37,61
29578072,13,37,61
29578114,13,37,61
29578147,13,37,61
29578166,13,37,61
29578331,13,37,61
29578374,13,37,61
29578388,13,37,61
29578449,13,37,61
29578454,13,37,61
29902933,0,0,2
29931596,14,38,65
29931600,14,38,65
30458870,9,29,52
30489089,0,0,4
30490380,3,12,25
30588094,18,49,86
39002437,8,26,47
39002442,18,50,87
39047921,15,46,83
39099156,14,41,71
39129993,2,11,19
39241211,9,31,55
39241348,9,27,48
39392224,0,0,1
39441738,17,48,85
39494878,4,15,36
39494944,18,51,88
39495043,18,52,91
39496472,18,53,92
39496537,3,12,25
39496580,14,44,80
39496603,14,44,80
39496641,0,0,4
39496716,0,0,4
39502699,18,53,92
39515178,13,37,63
39552868,13,37,62
39552873,13,37,62
39552887,18,54,98
39552892,18,54,98
39555051,10,33,57
39555089,10,33,57
39555174,18,54,98
39555206,13,37,62
39555273,13,37,62
39556258,11,35,59
39559940,14,38,65
39559959,15,46,83
39559964,14,40,70
39563329,2,11,22
39563447,14,43,75
39577755,18,55,99
39577760,18,55,99
39577779,13,37,61
39577784,13,37,61
39577798,18,55,99
39577802,18,55,99
39577816,13,37,61
39577821,13,37,61
39577835,18,55,99
39577859,13,37,61
39577864,13,37,61
39577883,13,37,61
39577897,13,37,61
39577901,18,55,99
39577915,13,37,61
39577920,13,37,61
39577958,13,37,61
39578019,13,37,61
39578024,13,37,61
39578043,18,55,99
39578062,18,55,99
39578081,18,55,99
39578095,13,37,61
39578104,18,55,99
39578118,13,37,61
39578175,18,55,99
39578203,13,37,61
39578335,13,37,61
39578340,18,55,99
39578359,18,55,99
39578378,13,37,61
39578401,18,55,99
39902937,0,0,2
39931609,8,26,47
40489135,0,0,4
40571248,3,12,26
49002272,2,11,20
49018739,0,0,2
49099392,14,44,77
49157457,4,15,36
49176074,15,46,83
49189076,14,45,81
49241263,18,52,91
49241296,14,43,73
49241324,9,27,48
49248603,2,11,23
49385751,13,37,64
49392228,9,29,52
49392233,18,51,88
49494887,9,29,53
49494910,2,11,20
49495014,14,38,65
49496688,0,0,4
49501703,14,43,74
49515173,13,37,63
49552877,18,55,100
49552882,18,55,100
49555178,10,33,57
49555220,13,37,62
49555244,13,37,62
49555338,3,12,28
49555376,18,53,93
49559949,14,40,70
49559954,14,38,65
49563338,14,43,75
49577769,18,55,99
49577774,13,37,61
49577788,13,37,61
49577793,13,37,61
49577811,18,55,99
49577825,13,37,61
49577849,13,37,61
49577854,18,55,99
49577868,18,55,99
49577887,18,55,99
49577905,18,55,99
49577910,13,37,61
49577929,13,37,61
49577934,18,55,99
49577948,13,37,61
49577953,13,37,61
49577967,13,37,61
49577972,18,55,99
49577986,18,55,99
49577991,13,37,61
49578009,13,37,61
49578047,13,37,61
49578066,13,37,61
49578113,13,37,61
49578151,18,55,99
49578165,13,37,61
49578170,13,37,61
49578189,13,37,61
49578194,13,37,61
49578207,13,37,61
49578354,13,37,61
49578368,18,55,99
49578373,13,37,61
49578392,18,55,99
49578448,18,55,99
49578453,18,55,99
50570187,2,11,22
50572501,18,53,93
50588069,18,53,94
59006806,0,0,2
59007542,0,0,2
59018734,0,0,2
59027390,14,38,65
59099136,4,15,36
59099155,4,15,36
59157428,14,41,71
59157447,4,15,36
59175955,15,46,83
59188825,9,27,49
59241229,14,43,73
59241253,9,31,55
59407012,7,25,46
59494882,14,41,71
59494943,18,51,88
59494962,14,38,65
59494995,15,46,83
59495042,9,31,55
59496503,18,53,92
59496664,0,0,4
59496701,14,44,80
59496739,14,44,80
59501694,2,11,21
59501731,2,11,21
59502698,18,53,92
59515177,13,37,63
59552886,18,54,98
59552891,18,54,98
59555093,18,54,98
59555253,13,37,62
59559939,14,38,65
59559944,15,46,83
59559958,15,46,83
59559963,14,40,70
59561956,12,36,60
59564337,3,12,29
59569207,18,53,95
59569226,18,53,95
59577759,13,37,61
59577778,18,55,99
59577783,13,37,61
59577815,13,37,61
59577839,13,37,61
59577877,13,37,61
59577882,13,37,61
59577900,18,55,99
59577919,13,37,61
59577957,13,37,61
59577962,13,37,61
59577995,18,55,99
59578023,13,37,61
59578061,13,37,61
59578075,13,37,61
59578080,18,55,99
59578099,13,37,61
59578103,18,55,99
59578117,13,37,61
59578141,18,55,99
59578198,13,37,61
59578339,13,37,61
59578358,18,55,99
59578377,18,55,99
59578396,13,37,61
59931613,14,40,70
60489182,14,44,80
60559373,18,53,92
60571271,3,12,26
60573251,3,12,28
60573680,11,35,59
69002431,14,38,65
69007532,0,0,2
69019083,14,38,65
69019144,14,38,65
69019224,8,26,47
69099391,14,44,77
69156305,2,11,19
69157456,9,32,56
69157461,14,41,71
69175059,14,38,65
69241304,14,43,73
69241356,18,56,102
69385750,13,37,64
69392227,9,29,52
69428132,1,3,7
69494886,0,0,2
69494928,18,56,103
69495008,14,40,70
69496003,2,11,23
69514771,18,53,96
69515172,13,37,63
69552744,3,12,30
69552862,10,33,57
69555097,18,54,98
69555101,10,33,57
69555182,10,33,57
69555196,18,55,100
69555224,18,55,100
69555323,18,53,93
69555342,18,53,93
69555375,18,53,93
69559948,14,40,70
69559953,14,38,65
69561946,18,55,101
69564365,18,53,95
69564394,18,53,95
69577754,13,37,61
69577792,13,37,61
69577805,13,37,61
69577810,18,55,99
69577829,13,37,61
69577848,13,37,61
69577853,13,37,61
69577867,18,55,99
69577886,13,37,61
69577891,18,55,99
69577914,18,55,99
69577928,13,37,61
69577952,18,55,99
69577966,13,37,61
69578008,13,37,61
69578013,18,55,99
69578027,18,55,99
69578051,18,55,99
69578065,13,37,61
69578070,13,37,61
69578145,13,37,61
69578150,18,55,99
69578174,13,37,61
69578188,13,37,61
69578193,13,37,61
69578206,13,37,61
69578211,18,55,99
69578353,18,55,99
69578447,13,37,61
69578452,13,37,61
69931561,14,43,76
70447182,18,49,86
70458873,18,51,88
70489092,18,51,89
70490383,18,53,92
70538926,3,12,27
79002275,14,43,76
79002435,14,38,65
79002440,14,40,70
79006805,0,0,2
79019087,14,38,65
79019228,18,50,87
79130013,2,11,19
79157427,4,15,36
79157451,14,41,71
79175068,14,38,65
79175983,15,46,83
79176077,18,57,104
79176082,15,46,83
79241214,18,52,91
79241327,18,56,102
79241351,9,27,48
79494881,14,41,71
79494942,9,29,52
79495055,18,58,105
79496644,14,44,80
79496738,0,0,4
79501706,14,43,74
79514756,18,53,96
79552767,10,33,57
79555110,18,54,98
79555186,13,37,62
79555214,18,55,100
79555228,13,37,62
79555308,18,53,93
79559938,14,38,65
79559943,15,46,83
79559957,15,46,83
79559962,14,40,70
79561955,12,36,60
79563445,2,11,22
79564336,18,53,95
79577758,13,37,61
79577777,18,55,99
79577782,13,37,61
79577796,13,37,61
79577800,13,37,61
79577819,18,55,99
79577838,13,37,61
79577843,18,55,99
79577857,13,37,61
79577862,13,37,61
79577881,13,37,61
79577895,13,37,61
79577918,13,37,61
79577923,13,37,61
79577942,18,55,99
79577956,13,37,61
79578017,18,55,99
79578116,13,37,61
79578140,13,37,61
79578178,18,55,99
79578201,18,55,99
79578357,13,37,61
79578376,18,55,99
79578395,13,37,61
79902935,0,0,2
79929341,2,11,20
80489138,14,44,80
80506388,2,11,18
80588096,18,49,86
89018737,0,0,2
89018742,14,44,77
89019063,14,43,76
89157422,14,41,71
89157455,4,15,36
89188824,9,27,49
89241256,9,31,55
89241261,18,52,91
89302914,5,19,40
89326463,5,16,37
89392231,18,51,88
89423874,1,3,7
89494885,0,0,2
89494890,18,51,90
89494970,14,38,65
89495050,18,56,102
89496629,14,44,80
89501697,2,11,21
89502687,3,12,25
89502692,3,12,25
89514789,18,53,96
89521515,1,3,7
89552856,10,33,57
89556326,11,35,59
89559947,14,40,70
89560173,18,53,97
89561945,18,55,101
89563398,14,43,75
89564393,3,12,29
89577767,13,37,61
89577772,13,37,61
89577786,18,55,99
89577814,13,37,61
89577828,13,37,61
89577833,13,37,61
89577852,13,37,61
89577871,18,55,99
89577885,13,37,61
89577908,13,37,61
89577913,18,55,99
89577932,13,37,61
89577946,13,37,61
89577951,18,55,99
89577970,13,37,61
89578007,13,37,61
89578012,18,55,99
89578026,18,55,99
89578045,13,37,61
89578074,13,37,61
89578093,18,55,99
89578168,13,37,61
89578192,13,37,61
89578333,18,55,99
89578352,13,37,61
89578366,13,37,61
89578371,13,37,61
89578451,13,37,61
90395243,2,11,23
90447176,18,49,86
90458867,0,0,1
90458947,18,53,94
90570190,14,43,75
90588072,18,53,94
99018732,0,0,2
99022550,14,38,65
99027393,14,38,65
99099158,4,15,36
99157426,4,15,36
99175977,18,57,104
99241232,18,58,105
99302918,5,20,41
99494880,4,15,36
99494941,9,29,52
99494998,18,57,104
99496600,0,0,4
99496718,14,44,80
99521510,1,3,7
99555053,18,54,98
99555067,10,33,57
99555232,13,37,62
99555265,13,37,62
99555307,3,12,28
99555374,3,12,28
99559942,15,46,83
99559956,18,57,104
99564383,18,53,95
99569205,3,12,29
99577757,13,37,61
99577781,13,37,61
99577795,13,37,61
99577804,13,37,61
99577818,18,55,99
99577823,13,37,61
99577842,13,37,61
99577861,13,37,61
99577875,13,37,61
99577880,18,55,99
99577903,13,37,61
99577917,13,37,61
99577922,18,55,99
99577955,13,37,61
99577960,18,55,99
99577984,13,37,61
99578021,13,37,61
99578040,13,37,61
99578064,13,37,61
99578078,13,37,61
99578097,13,37,61
99578101,13,37,61
99578115,13,37,61
99578120,18,55,99
99578144,13,37,61
99578196,18,55,99
99578337,13,37,61
99578342,18,55,99
99578356,13,37,61
99578399,18,55,99
99902939,14,44,77
99931611,14,40,70
00228705,1,4,8
00320134,1,4,9
00575446,19,59,106
09387035,20,60,108
09387040,20,60,109
09387144,20,60,108
09477333,20,60,110
09489581,20,60,111
09491230,21,61,115
09491254,21,61,115
09491268,21,61,116
09491273,21,61,116
09494498,1,5,10
09516928,22,62,121
09521468,1,6,12
09521500,1,7,13
09536945,21,61,117
09536969,23,63,122
09536974,21,61,117
09537030,20,60,110
09537054,21,61,117
09537172,23,63,122
09537228,24,64,123
09537247,23,63,122
09537266,20,60,110
09537271,24,64,123
09545266,23,63,122
09545271,20,60,110
09562128,24,64,123
10530669,24,64,124
19387030,20,60,112
19497340,1,5,10
19514877,20,60,111
19514882,20,60,111
19516918,22,62,121
19517041,25,65,126
19521482,1,7,13
19536959,25,66,128
19536983,25,67,135
19537020,25,68,136
19537096,21,61,117
19537256,20,60,110
19537275,21,61,117
19537280,23,63,122
19537548,26,108,207
19537553,24,64,123
19545204,20,60,110
19545242,24,64,123
20341135,25,69,137
20424362,1,8,14
20530664,25,70,139
20582610,25,66,129
29228205,25,71,141
29387138,25,66,130
29390942,1,6,12
29489603,25,66,131
29491248,21,61,115
29517045,25,65,126
29520241,25,65,127
29521108,1,5,10
29536973,25,68,136
29537005,25,68,136
29537048,25,66,128
29537072,25,70,140
29537086,25,70,140
29537227,25,70,140
29537232,21,61,117
29537251,26,108,207
29537270,24,64,123
29537289,21,61,117
29537294,21,61,117
29542667,21,61,117
29544218,23,63,122
29545213,24,64,123
29545251,20,60,110
30541582,21,61,118
39216754,25,65,126
39306368,21,61,119
39387128,20,60,108
39390946,1,7,13
39491276,21,61,116
39491281,21,61,116
39521160,1,5,10
39536958,20,60,110
39537019,23,63,122
39537203,21,61,117
39537236,21,61,117
39537255,20,60,110
39537284,20,60,110
39537547,23,63,122
39537552,21,61,117
39545203,23,63,122
39545236,21,61,117
40583840,1,9,15
49297561,25,65,126
49326243,25,65,126
49387019,25,66,132
49387024,25,66,130
49428114,1,7,13
49444326,25,65,127
49511293,25,71,141
49514871,25,66,131
49520235,25,65,127
49536953,25,66,128
49537009,25,68,136
49537066,25,70,140
49537090,21,61,117
49537207,21,61,117
49537250,26,108,207
49537269,21,61,117
49537274,21,61,117
49542666,21,61,117
49555512,24,64,123
50341148,25,69,137
50530648,21,61,120
59326624,25,65,126
59387132,25,66,133
59477359,25,70,140
59489588,25,66,131
59489866,21,61,116
59491242,21,61,115
59494617,21,61,119
59497343,1,5,10
59516898,27,109,208
59516935,22,62,121
59516940,22,62,121
59536976,21,61,117
59536981,26,108,207
59537023,20,60,110
59537042,20,60,110
59537179,23,63,122
59537184,20,60,110
59537198,20,60,110
59537202,20,60,110
59537264,20,60,110
59537278,21,61,117
59537551,20,60,110
59559864,1,7,13
60372276,1,9,15
60431563,25,72,142
60551225,25,72,142
60582547,25,66,134
60582552,25,66,134
69216818,25,65,126
69326628,25,65,126
69387141,25,66,130
69444330,25,65,127
69491265,25,72,143
69494631,21,61,119
69495942,1,5,11
69499997,21,61,119
69514865,20,60,111
69516893,27,109,208
69517053,25,65,126
69536971,25,66,128
69537188,25,66,128
69537249,25,67,135
69537268,21,61,117
69537273,21,61,117
69537287,20,60,110
69537292,21,61,117
69537555,21,61,117
69542665,21,61,117
69545225,23,63,122
69545249,23,63,122
69545287,24,64,123
69559868,1,7,13
70269170,1,4,8
70351725,19,59,106
70582542,20,60,113
70582617,20,60,114
79428117,1,7,13
79477377,23,63,122
79489592,20,60,111
79491236,21,61,115
79491284,21,61,116
79499992,21,61,119
79517057,25,65,126
79521455,1,5,11
79521479,1,7,13
79536975,21,61,117
79536980,20,60,110
79537060,21,61,117
79537084,24,64,123
79537183,23,63,122
79537215,24,64,123
79537244,23,63,122
79537277,21,61,117
79545215,21,61,117
79545277,21,61,117
79545282,24,64,123
80462596,21,61,120
80530816,24,64,125
80541589,21,61,118
80541594,24,64,125
89240756,25,69,138
89306361,21,61,119
89387121,20,60,109
89387135,20,60,109
89387140,20,60,112
89477372,21,61,117
89489884,21,61,116
89494507,1,5,10
89494611,21,61,119
89495936,1,5,11
89499982,21,61,119
89514888,20,60,111
89516887,27,109,208
89521110,1,5,10
89521153,1,5,10
89521450,1,5,11
89536970,21,61,117
89537168,23,63,122
89537248,23,63,122
89537267,21,61,117
89537272,24,64,123
89537291,24,64,123
89545229,20,60,110
90349326,1,9,15
90354327,19,59,107
90551224,25,72,142
99387007,25,66,133
99387149,25,66,132
99390948,1,7,13
99428098,1,6,12
99494620,21,61,119
99499991,21,61,119
99514859,20,60,111
99521464,1,6,12
99521497,1,7,13
99536979,20,60,110
99536984,26,108,207
99537219,24,64,123
99537257,20,60,110
99537262,20,60,110
99537276,21,61,117
99537281,26,108,207
99537549,20,60,110
99537554,24,64,123
99545257,21,61,117
99559862,1,7,13
99559876,1,7,13
09470237,28,110,209
19470227,28,110,209
19482782,28,110,209
29482753,28,110,209
29482786,28,110,209
39470231,28,110,209
39482776,28,110,209
49482752,28,110,209
59482780,28,110,209
79482755,28,110,209
79482760,28,110,209
79500504,28,110,209
79530997,28,110,209
80587704,29,111,210
89470243,28,110,209
89482774,28,110,209
99482759,28,110,209
99482778,28,110,209
30557200,25,73,144
30557224,25,74,146
50557223,25,74,146
70546790,25,75,152
70557199,25,73,144
70557222,25,74,146
80557194,25,75,152
90546789,25,75,152
90557202,25,73,144
00497199,25,76,155
00497255,25,76,155
10497132,25,77,160
10497231,25,77,160
20497235,25,74,147
20497259,25,74,147
40497239,25,76,155
40497263,25,77,160
80497195,25,74,147
00517060,25,74,148
00517098,25,76,156
00525215,25,78,161
00525220,25,78,161
00565211,25,76,156
00565268,25,76,156
00565348,25,74,148
00565796,25,79,163
00565862,25,78,161
00565876,25,78,161
00584158,25,75,153
10517069,25,76,156
10517093,25,76,156
10517106,25,76,156
10517111,25,76,156
10565215,25,76,156
10565277,25,74,148
10565357,25,74,148
10565362,25,74,148
10565729,25,79,163
10565786,25,79,163
10565791,25,79,163
10565866,25,78,161
10565871,25,78,161
20517064,25,76,156
20517097,25,76,156
20525224,25,78,161
20565205,25,76,156
20565272,25,74,148
20565861,25,78,161
30517054,25,75,153
30517068,25,76,156
30517073,25,75,153
30517087,25,74,148
30517092,25,76,156
30517105,25,76,156
30565262,25,76,156
30584147,25,75,153
40517077,25,75,153
40525223,25,78,161
40565799,25,79,163
40584156,25,75,153
50517053,25,75,153
50517072,25,75,153
50517086,25,74,148
50517091,25,74,148
50517109,25,76,156
50584146,25,75,153
60517062,25,74,148
60517076,25,75,153
60525217,25,78,161
60525222,25,78,161
70517052,25,75,153
70517066,25,76,156
70517071,25,75,153
70517085,25,74,148
70517090,25,74,148
70584145,25,75,153
80517061,25,74,148
80517075,25,75,153
80517099,25,76,156
80525216,25,78,161
80525221,25,78,161
90517065,25,76,156
90517070,25,76,156
90517089,25,74,148
90517094,25,76,156
90517107,25,76,156
90517112,25,76,156
90525225,25,78,161
00517362,25,80,164
00517418,25,81,168
09439987,25,82,171
09439992,30,112,211
09440009,31,113,216
09440132,32,114,218
10517328,33,115,220
19439996,30,112,211
19440004,34,116,222
20517356,35,117,228
20517484,36,118,231
29439986,37,119,233
30517327,33,115,220
30517445,38,120,236
39439995,30,112,211
39440135,32,114,218
40517435,25,75,154
40517483,36,118,231
49439985,31,113,216
49439990,39,121,238
49440007,31,113,216
50517345,40,122,242
50517473,25,83,174
59439999,25,74,149
59440002,25,76,157
60517316,25,84,177
60517359,25,85,179
60517444,25,86,182
69439989,39,121,238
70517472,25,83,174
79439984,25,87,185
79439998,25,74,149
79440001,25,76,157
80517315,25,84,177
80517419,25,81,168
89439993,30,112,211
89440005,34,116,222
90517433,25,75,154
10549230,41,123,246
20387642,41,123,246
30549229,41,123,246
30552250,30,112,212
50552249,30,112,212
60552239,30,112,212
70387951,42,124,247
70549232,41,123,246
70552248,30,112,212
90549231,41,123,246
00547298,43,125,249
00547335,44,126,255
00547340,44,126,255
00547397,43,125,249
00551006,44,126,255
00566324,45,127,256
10547288,43,125,249
10547325,39,121,239
10547330,39,121,239
10547368,44,126,255
10548278,45,127,256
10549895,45,127,256
20547315,46,128,257
20547320,46,128,257
20547363,44,126,255
20547419,46,128,257
20551005,43,125,249
30547305,34,116,223
30547310,34,116,223
30547386,43,125,249
30547414,46,128,257
30547447,39,121,239
30566266,44,126,255
40547442,39,121,239
40548267,45,127,256
40548272,45,127,256
40566317,44,126,255
50547408,34,116,223
50551004,46,128,257
50566289,44,126,255
50566294,45,127,256
50566326,43,125,249
60547403,34,116,223
60566279,34,116,223
60566284,46,128,257
60566298,43,125,249
60566302,34,116,223
60566316,39,121,239
60566335,46,128,257
60566496,44,126,255
60566509,43,125,249
60566514,34,116,223
70549915,46,128,257
70549920,39,121,239
70551003,45,127,256
70566269,45,127,256
70566274,43,125,249
70566288,39,121,239
70566306,46,128,257
70566311,39,121,239
70566330,34,116,223
70566504,45,127,256
70566518,46,128,257
70566523,39,121,239
80549905,44,126,255
80549910,34,116,223
80551007,39,121,239
90548284,45,127,256
90549900,43,125,249
90551002,34,116,223
00528940,40,122,243
00529001,40,122,243
00539608,47,129,259
10539603,47,129,259
20528996,48,130,260
30528986,49,131,261
30528991,50,132,262
40528976,40,122,243
40528981,51,133,263
60528975,48,130,260
70528965,48,130,260
80528955,50,132,262
80528960,51,133,263
80529016,50,132,262
80539614,47,129,259
90528950,49,131,261
90529006,51,133,263
90529011,49,131,261
00517135,37,119,234
00517140,43,125,250
00517159,25,83,175
00517197,25,76,158
00517201,25,76,158
00525282,25,80,165
00526899,25,82,172
00526903,25,83,175
00527506,25,82,172
00527511,25,83,175
00539929,52,134,264
10517149,37,119,234
10517154,37,119,234
10517187,43,125,250
10517192,43,125,250
10525286,35,117,229
10525291,35,117,229
10526907,53,135,265
10526969,53,135,265
10539919,52,134,264
20517139,25,83,175
20517144,25,76,158
20517158,25,83,175
20517163,25,83,175
20517196,25,76,158
20526959,25,82,172
20526964,25,83,175
20527505,25,80,165
20527567,52,134,264
20539914,52,134,264
20539928,52,134,264
30517134,37,119,234
30517148,37,119,234
30517153,37,119,234
30525285,35,117,229
30525290,35,117,229
30526911,54,136,266
30527557,52,134,264
30539918,52,134,264
40517138,25,83,175
40517143,25,74,150
40517157,25,83,175
40517162,25,83,175
40517204,25,76,158
40526915,25,80,165
40526958,25,80,165
40527547,25,88,186
40527552,52,134,264
40539927,52,134,264
50517133,37,119,234
50517147,34,116,224
50517190,43,125,250
50525289,35,117,229
50527537,25,83,175
50527542,25,89,187
50539917,52,134,264
60517137,25,83,175
60517142,25,74,150
60517156,25,83,175
60517161,25,83,175
60525284,25,80,165
60527532,25,82,172
60539926,52,134,264
60539969,35,117,229
60540227,52,134,264
70517132,37,119,234
70517146,34,116,224
70517151,37,119,234
70517189,43,125,250
70517194,43,125,250
70517207,34,116,224
70525288,35,117,229
70525293,35,117,229
70527522,54,136,266
70539916,52,134,264
80517136,25,83,175
80517141,25,74,150
80517155,25,82,172
80517202,25,76,158
80525283,25,80,165
80526975,25,88,186
80539930,52,134,264
90517145,34,116,224
90517150,37,119,234
90517188,43,125,250
90517193,43,125,250
90517206,34,116,224
90525292,35,117,229
90527516,53,135,265
90539915,52,134,264
00582060,43,125,251
10552307,43,125,251
20278855,43,125,251
20567266,43,125,251
20582059,43,125,251
80582061,43,125,251
00519587,55,137,267
00519592,55,137,267
00519605,40,122,244
00519667,56,138,268
00519672,56,138,268
10519596,40,122,244
60519589,55,137,267
60519674,56,138,268
70519598,40,122,244
00394318,25,90,188
00560529,25,90,188
10362468,25,90,188
10549391,25,90,188
20394317,25,90,188
30094592,25,91,189
30105897,25,91,189
30105901,25,90,188
30362523,25,91,189
40394321,25,91,189
40582204,25,92,190
50362522,25,91,189
50489559,25,90,188
50560536,25,91,189
60094595,25,90,188
60394320,25,91,189
60492858,25,91,189
60582203,25,92,190
70362470,25,90,188
70362521,25,91,189
80489567,25,91,189
80549397,25,91,189
80582202,25,92,190
90362469,25,90,188
90492847,25,90,188
00567451,25,76,159
10493761,25,78,162
10493799,25,74,151
10493803,25,74,151
10567498,25,74,151
20493751,25,78,162
20493765,25,78,162
20493807,25,76,159
20493968,25,76,159
20567247,25,76,159
20567252,25,76,159
20567488,25,76,159
20567493,25,78,162
30493821,25,76,159
30567242,25,78,162
30567440,25,74,151
30567478,25,74,151
30567483,25,76,159
30567548,25,76,159
40493825,25,76,159
40567473,25,78,162
40567538,25,74,151
40567543,25,76,159
50567236,25,74,151
50567528,25,76,159
50567533,25,78,162
60493990,25,76,159
60567518,25,74,151
60567523,25,76,159
70567508,25,76,159
70567513,25,78,162
80493791,25,74,151
80567503,25,76,159
90493998,25,76,159
90567456,25,76,159
90567461,25,78,162
00517507,25,85,180
00517526,25,80,166
00517531,25,80,166
00517550,25,86,183
00525239,25,73,145
00553519,25,73,145
00567347,25,81,169
10463467,25,85,180
10517502,25,85,180
10517516,25,93,191
10517535,25,81,169
10517540,25,81,169
10518993,25,82,173
10519073,25,93,191
10519110,25,80,166
10525234,25,73,145
10558601,25,82,173
10567323,25,82,173
20517506,25,85,180
20517525,25,80,166
20517530,25,80,166
20517549,25,86,183
20517554,25,86,183
20518997,25,94,193
20519058,25,85,180
20525238,25,73,145
20558605,25,80,166
20567327,25,81,169
20567431,25,73,145
30454481,25,93,191
30463471,25,80,166
30472395,25,73,145
30517501,25,85,180
30517515,25,93,191
30517520,25,93,191
30525233,25,73,145
30553513,25,80,166
30558600,25,85,180
30567355,25,93,191
30567402,25,85,180
30567416,25,86,183
40454485,25,85,180
40517505,25,85,180
40517529,25,80,166
40517534,25,81,169
40517548,25,86,183
40517553,25,86,183
40519000,25,85,180
40519062,25,82,173
40525237,25,73,145
40567331,25,93,191
40567406,25,81,169
40574478,25,93,191
40574483,25,80,166
50463470,25,82,173
50517500,25,85,180
50517519,25,93,191
50517524,25,80,166
50517538,25,81,169
50519014,25,93,191
50519028,25,82,173
50519066,25,81,169
50525232,25,73,145
50553507,25,82,173
50553606,25,93,191
50558604,25,94,193
50574487,25,81,169
60454489,25,82,173
60472389,25,82,173
60472394,25,80,166
60517496,25,85,180
60517514,25,93,191
60517528,25,80,166
60517552,25,86,183
60518981,25,81,169
60519004,25,82,173
60519023,25,93,191
60519117,25,80,166
60525236,25,73,145
60567410,25,93,191
70463469,25,93,191
70517518,25,93,191
70517523,25,82,173
70517537,25,81,169
70517542,25,81,169
70518985,25,93,191
70519008,25,81,169
70519027,25,85,180
70519032,25,81,169
70553506,25,85,180
70558603,25,93,191
70567315,25,85,180
70567377,25,80,166
70567424,25,80,166
80454493,25,95,194
80454501,25,94,193
80472393,25,85,180
80517513,25,93,191
80517527,25,80,166
80519017,25,94,193
80519036,25,94,193
80525235,25,73,145
80567372,25,86,183
80574481,25,85,180
90454497,25,81,169
90463468,25,81,169
90463473,25,73,145
90517503,25,85,180
90517517,25,93,191
90517522,25,82,173
90517536,25,81,169
90517541,25,81,169
90518989,25,85,180
90519130,25,80,166
90553505,25,81,169
90558602,25,81,169
90567319,25,80,166
90567343,25,85,180
90574485,25,82,173
00495789,25,93,192
00495794,25,85,181
00495812,25,86,184
00496114,25,85,181
00496152,25,86,184
00496171,25,83,176
00500045,25,85,181
00517258,25,85,181
00517277,25,86,184
00517282,25,96,195
00517296,25,83,176
00520543,25,85,181
00520557,25,84,178
09399439,39,121,240
09399528,57,139,269
09399552,58,140,270
09399712,59,141,271
09400584,39,121,240
09401244,60,142,272
09424127,37,119,235
09424151,34,116,225
09424165,57,139,269
09424245,58,140,270
09425023,34,116,225
09432740,31,113,217
09432759,37,119,235
09432797,34,116,225
09432801,61,143,273
09433565,39,121,240
09433570,30,112,213
09434150,46,128,258
09434292,37,119,235
09434305,30,112,213
09434329,32,114,219
09434334,58,140,270
09434414,31,113,217
09434428,37,119,235
09434466,46,128,258
09436696,59,141,271
09436724,62,144,274
09436738,46,128,258
09436743,59,141,271
09436795,59,141,271
09441141,39,121,240
09501347,43,125,252
10495784,63,145,275
10495798,40,122,245
10495802,35,117,230
10495835,38,120,237
10495840,25,83,176
10495859,25,84,178
10496095,25,93,192
10496118,25,80,167
10496137,25,81,170
10496180,36,118,232
10496203,64,146,276
10517234,35,117,230
10517267,65,147,277
10517272,38,120,237
10517286,64,146,276
10517291,25,83,176
10517309,36,118,232
10520547,40,122,245
10520552,63,145,275
10520566,33,115,221
19399306,34,116,225
19399330,30,112,213
19399453,39,121,240
19399467,46,128,258
19399556,58,140,270
19399561,59,141,271
19399721,62,144,274
19399924,37,119,235
19400593,43,125,252
19400606,43,125,252
19401125,60,142,272
19401248,30,112,213
19424136,37,119,235
19424216,46,128,258
19424259,58,140,270
19424278,32,114,219
19424297,32,114,219
19425027,34,116,225
19425046,61,143,273
19425094,61,143,273
19432669,60,142,272
19432749,30,112,213
19432754,43,125,252
19432792,39,121,240
19433579,34,116,225
19433584,31,113,217
19434159,32,114,219
19434296,31,113,217
19434300,34,116,225
19434338,58,140,270
19434343,46,128,258
19434418,34,116,225
19434423,30,112,213
19434461,58,140,270
19436790,46,128,258
19441145,34,116,225
19501337,58,140,270
20495811,65,147,277
20495849,36,118,232
20496085,63,145,275
20496113,40,122,245
20496151,38,120,237
20517224,35,117,230
20517257,40,122,245
20517262,65,147,277
20517276,38,120,237
20517281,64,146,276
20517304,36,118,232
20520542,40,122,245
20520561,63,145,275
29399320,61,143,273
29399358,30,112,213
29399424,39,121,240
29399527,57,139,269
29399565,59,141,271
29399645,59,141,271
29399706,58,140,270
29400578,39,121,240
29401120,30,112,213
29401139,61,143,273
29424145,34,116,225
29424225,46,128,258
29424230,58,140,270
29424254,58,140,270
29424268,58,140,270
29425017,34,116,225
29432664,43,125,252
29432739,34,116,225
29432744,57,139,269
29432758,60,142,272
29432796,43,125,252
29432800,60,142,272
29433569,30,112,213
29433574,43,125,252
29433593,37,119,235
29434149,46,128,258
29434154,58,140,270
29434291,37,119,235
29434427,39,121,240
29434465,46,128,258
29436657,46,128,258
29436662,62,144,274
29436695,58,140,270
29436723,59,141,271
29436742,59,141,271
29436799,62,144,274
29501365,37,119,235
30409988,64,146,276
30495783,63,145,275
30495844,36,118,232
30496136,65,147,277
30496202,64,146,276
30517233,35,117,230
30517252,40,122,245
30517266,65,147,277
30517271,38,120,237
30517285,64,146,276
30517290,25,83,176
30517308,36,118,232
30520551,63,145,275
30520565,63,145,275
30520570,33,115,221
39399305,60,142,272
39399310,34,116,225
39399334,30,112,213
39399367,60,142,272
39399522,46,128,258
39399715,59,141,271
39400587,43,125,252
39401129,34,116,225
39401228,34,116,225
39424239,58,140,270
39424258,58,140,270
39424277,32,114,219
39424296,32,114,219
39425045,61,143,273
39425093,61,143,273
39432668,34,116,225
39432748,39,121,240
39432753,43,125,252
39432791,39,121,240
39433564,39,121,240
39433578,34,116,225
39433583,31,113,217
39434158,32,114,219
39434295,31,113,217
39434304,30,112,213
39434342,46,128,258
39434417,34,116,225
39434422,30,112,213
39434441,37,119,235
39434460,32,114,219
39436789,46,128,258
39436794,58,140,270
40495792,33,115,221
40495805,35,117,230
40496089,63,145,275
40496112,40,122,245
40496169,25,83,176
40500048,25,85,181
40517256,25,85,181
40517261,25,81,170
40517275,25,86,184
40517280,25,96,195
40517299,25,83,176
40517303,36,118,232
40520541,40,122,245
40520555,33,115,221
40520560,33,115,221
49399296,30,112,213
49399319,61,143,273
49399343,34,116,225
49399357,61,143,273
49399381,61,143,273
49399442,43,125,252
49399456,43,125,252
49399475,57,139,269
49399574,62,144,274
49399927,37,119,235
49400596,43,125,252
49401218,30,112,213
49401256,61,143,273
49424130,37,119,235
49424154,34,116,225
49424168,57,139,269
49424173,57,139,269
49424210,46,128,258
49424248,58,140,270
49424291,32,114,219
49425097,61,143,273
49432738,30,112,213
49432743,61,143,273
49432757,34,116,225
49432795,43,125,252
49432804,37,119,235
49433568,30,112,213
49433573,43,125,252
49433592,37,119,235
49434148,46,128,258
49434153,58,140,270
49434308,39,121,240
49434327,46,128,258
49434426,39,121,240
49436661,59,141,271
49436722,58,140,270
49436741,58,140,270
49436798,32,114,219
49441144,43,125,252
49501345,30,112,213
49501350,34,116,225
50495838,25,83,176
50495862,25,84,178
50496098,25,93,192
50496121,25,80,167
50496135,25,81,170
50517227,25,80,167
50517232,25,80,167
50517251,25,85,181
50517265,25,81,170
50517270,25,86,184
50517294,25,83,176
50517307,36,118,232
50520545,40,122,245
50520569,33,115,221
59399347,34,116,225
59399366,60,142,272
59399427,39,121,240
59399446,43,125,252
59399489,46,128,258
59399658,62,144,274
59399917,37,119,235
59400609,43,125,252
59401128,60,142,272
59401227,34,116,225
59424139,37,119,235
59424177,57,139,269
59424219,46,128,258
59424257,58,140,270
59424262,58,140,270
59424276,32,114,219
59425030,34,116,225
59425087,61,143,273
59432667,34,116,225
59432672,37,119,235
59432747,39,121,240
59432752,43,125,252
59432790,57,139,269
59433577,34,116,225
59433582,31,113,217
59434157,32,114,219
59434299,34,116,225
59434303,30,112,213
59434341,46,128,258
59434416,34,116,225
59434421,43,125,252
59434459,32,114,219
59434464,58,140,270
59436694,46,128,258
59436745,62,144,274
59436793,58,140,270
59501335,58,140,270
60496111,40,122,245
60496149,38,120,237
60496168,25,83,176
60496187,36,118,232
60496205,64,146,276
60517255,40,122,245
60517260,65,147,277
60517284,64,146,276
60517298,25,83,176
60517302,36,118,232
60520540,40,122,245
60520559,33,115,221
60520564,63,145,275
69399304,60,142,272
69399342,60,142,272
69399356,61,143,273
69399361,30,112,213
69399380,61,143,273
69399436,39,121,240
69399460,43,125,252
69399573,62,144,274
69399629,58,140,270
69399709,58,140,270
69400581,39,121,240
69401217,30,112,213
69401222,61,143,273
69401255,61,143,273
69401260,34,116,225
69424148,34,116,225
69424233,58,140,270
69424271,58,140,270
69425020,34,116,225
69425044,61,143,273
69432742,61,143,273
69432756,34,116,225
69432761,37,119,235
69432799,60,142,272
69432803,37,119,235
69433567,30,112,213
69433572,30,112,213
69433591,37,119,235
69434152,58,140,270
69434307,39,121,240
69434326,58,140,270
69434331,32,114,219
69434425,30,112,213
69436721,46,128,258
69436740,58,140,270
69436797,59,141,271
69441143,30,112,213
69501325,58,140,270
69501330,59,141,271
70410089,64,146,276
70496097,33,115,221
70496120,35,117,230
70496139,65,147,277
70496163,25,83,176
70496182,36,118,232
70496200,64,146,276
70500037,40,122,245
70500042,40,122,245
70501541,40,122,245
70517250,40,122,245
70517274,38,120,237
70517288,64,146,276
70517306,36,118,232
70520549,40,122,245
70520554,33,115,221
70520568,33,115,221
79399370,34,116,225
79399431,43,125,252
79399450,39,121,240
79399474,57,139,269
79399624,58,140,270
79399643,59,141,271
79399718,62,144,274
79399921,37,119,235
79400590,43,125,252
79401132,34,116,225
79401212,60,142,272
79401245,60,142,272
79424124,37,119,235
79424157,34,116,225
79424162,57,139,269
79424176,57,139,269
79424242,58,140,270
79425034,61,143,273
79425086,61,143,273
79432666,34,116,225
79432671,37,119,235
79432746,39,121,240
79432751,30,112,213
79432789,61,143,273
79432794,30,112,213
79433576,34,116,225
79433581,34,116,225
79434156,58,140,270
79434298,34,116,225
79434302,43,125,252
79434335,58,140,270
79434415,31,113,217
79434420,43,125,252
79434463,58,140,270
79436792,58,140,270
79441147,31,113,217
79537022,32,114,219
80495808,65,147,277
80496092,33,115,221
80496129,35,117,230
80496148,38,120,237
80496186,36,118,232
80517235,35,117,230
80517264,65,147,277
80517278,38,120,237
80517297,25,83,176
80520544,25,85,181
80520558,25,84,178
80520563,25,84,178
89399341,60,142,272
89399435,43,125,252
89399464,46,128,258
89399497,57,139,269
89399930,37,119,235
89400575,39,121,240
89400599,39,121,240
89400603,39,121,240
89401117,30,112,213
89401136,61,143,273
89401221,61,143,273
89401259,34,116,225
89424133,37,119,235
89424213,46,128,258
89424251,58,140,270
89424265,58,140,270
89425024,34,116,225
89425038,61,143,273
89425043,61,143,273
89432741,60,142,272
89432755,34,116,225
89432760,37,119,235
89432798,34,116,225
89432802,57,139,269
89433566,39,121,240
89433571,30,112,213
89434151,58,140,270
89434306,30,112,213
89434325,58,140,270
89434330,32,114,219
89436659,58,140,270
89436697,62,144,274
89436739,46,128,258
89436744,62,144,274
89436796,59,141,271
89436800,62,144,274
89441142,30,112,213
90500036,40,122,245
90517225,35,117,230
90517230,35,117,230
90517254,40,122,245
90517268,65,147,277
90517287,64,146,276
90517292,25,83,176
90517310,36,118,232
99399331,30,112,213
99399374,34,116,225
99399492,46,128,258
99399500,57,139,269
99399519,46,128,258
99399656,62,144,274
99399920,37,119,235
99401211,60,142,272
99401249,30,112,213
99424142,34,116,225
99424222,46,128,258
99424236,58,140,270
99425090,61,143,273
99432665,43,125,252
99432670,37,119,235
99432745,57,139,269
99432750,30,112,213
99432793,30,112,213
99433575,43,125,252
99433580,34,116,225
99434155,58,140,270
99434297,34,116,225
99434301,43,125,252
99434339,58,140,270
99434419,34,116,225
99434424,30,112,213
99434462,58,140,270
99436791,46,128,258
99441146,34,116,225
99441151,37,119,235
99501319,46,128,258
99501324,46,128,258
99501338,62,144,274
99501343,32,114,219
99501357,34,116,225
00438360,43,125,253
00443738,43,125,253
00455378,43,125,253
00455383,34,116,226
30438368,34,116,226
50438353,34,116,226
50443769,34,116,226
60443759,43,125,253
60443764,34,116,226
70443749,34,116,226
80443744,34,116,226
90455388,34,116,226
20545180,30,112,214
50544787,30,112,214
50545174,30,112,214
90545186,30,112,214
90547623,30,112,214
00442654,25,97,196
00479690,39,121,241
00513547,66,148,278
00551167,66,148,278
00564400,67,149,279
10341598,42,124,248
10479675,39,121,241
19581956,25,98,197
20320897,25,99,198
20513773,66,148,278
20546622,30,112,215
30442662,25,97,196
40410335,25,99,198
40546621,30,112,215
40546635,30,112,215
40551165,66,148,278
40564403,68,150,280
50410330,25,99,198
50511838,25,100,199
50547842,30,112,215
60564402,69,151,281
60575491,25,101,200
70575495,25,100,199
80479747,39,121,241
90479737,39,121,241
90479756,39,121,241
00572179,34,116,227
00572301,34,116,227
10572145,43,125,254
10572287,43,125,254
10572305,34,116,227
20572197,70,152,282
20572324,70,152,282
40572196,70,152,282
40572281,43,125,254
40572323,70,152,282
50572148,43,125,254
50572172,34,116,227
50572285,43,125,254
60572181,34,116,227
60572195,70,152,282
60572303,34,116,227
70572147,43,125,254
80572180,34,116,227
80572302,34,116,227
80572321,70,152,282
90572146,43,125,254
90572194,70,152,282
90572288,43,125,254
90572325,70,152,282
20509498,71,153,283
20509511,71,153,283
20525549,72,154,287
30292399,71,153,284
40500369,72,154,288
40518425,71,153,285
40518430,71,153,285
60500368,72,154,288
60523464,72,154,289
60525547,72,154,287
70292397,71,153,284
70525028,72,154,289
90506142,71,153,286
00448161,25,102,201
20448160,25,102,201
40467807,25,102,201
69571375,25,103,202
69571380,25,103,202
80551253,25,102,201
09433589,25,104,203
09439850,25,104,203
09483819,25,105,204
19434442,25,104,203
20502939,25,106,205
29399933,25,104,203
29433588,25,104,203
39399942,25,104,203
40417577,25,106,205
59399936,25,104,203
60551254,25,102,201
69439852,25,104,203
69483595,25,105,204
70466689,25,104,203
79258308,25,104,203
79483825,25,105,204
89433590,25,104,203
89439851,25,104,203
99258294,25,104,203
99399939,25,104,203
99434443,25,104,203
39444322,25,103,202
50340163,73,155,290
89444310,74,156,291
09188823,75,157,292
09496647,76,161,299
09496690,76,161,299
09546497,76,161,299
19240991,75,157,293
20489141,76,161,299
29011507,75,158,294
29188822,75,157,292
29241004,76,162,302
29291956,77,164,304
29546496,76,161,299
30372777,76,161,300
30489094,76,161,299
39336539,76,161,301
39336563,5,21,42
39495000,77,165,305
49188821,75,157,292
49325385,5,22,43
50575566,76,161,299
59241007,77,166,306
59494919,75,157,292
59496584,76,161,299
60349851,76,161,300
69068224,15,46,83
69496606,76,161,299
69496630,76,161,299
69496668,76,161,299
70349855,76,161,300
79012991,77,165,305
79240988,75,157,293
80372789,76,161,300
89032738,77,165,305
89227731,77,167,307
89240997,77,166,306
89495045,77,166,306
89546498,76,161,299
99047744,15,46,83
99325383,5,23,44
09571057,78,174,315
09571062,78,174,315
09571076,78,174,315
09571081,78,174,315
09571095,78,174,315
09571118,78,174,315
09571123,78,174,315
09571137,78,174,315
09571142,78,174,315
09571156,78,174,315
19571052,78,174,315
19571066,78,174,315
19571071,78,174,315
19571085,78,174,315
19571090,78,174,315
19571127,78,174,315
19571132,78,174,315
19571146,78,174,315
19571151,78,174,315
29571056,78,174,315
29571075,78,174,315
29571080,78,174,315
29571117,78,174,315
29571122,78,174,315
29571136,78,174,315
29571141,78,174,315
29571155,78,174,315
39571051,78,174,315
39571065,78,174,315
39571094,78,174,315
39571126,78,174,315
39571131,78,174,315
39571145,78,174,315
39571150,78,174,315
49571055,78,174,315
49571060,78,174,315
49571079,78,174,315
49571084,78,174,315
49571098,78,174,315
49571102,78,174,315
49571116,78,174,315
49571121,78,174,315
49571135,78,174,315
49571140,78,174,315
59571069,78,174,315
59571074,78,174,315
59571088,78,174,315
59571093,78,174,315
59571125,78,174,315
59571130,78,174,315
59571154,78,174,315
69571059,78,174,315
69571064,78,174,315
69571078,78,174,315
69571083,78,174,315
69571097,78,174,315
69571101,78,174,315
69571115,78,174,315
69571120,78,174,315
69571144,78,174,315
79571049,78,174,315
79571054,78,174,315
79571068,78,174,315
79571073,78,174,315
79571087,78,174,315
79571092,78,174,315
79571134,78,174,315
79571148,78,174,315
79571153,78,174,315
89571058,78,174,315
89571063,78,174,315
89571077,78,174,315
89571082,78,174,315
89571096,78,174,315
89571100,78,174,315
89571124,78,174,315
89571138,78,174,315
89571143,78,174,315
89571157,78,174,315
99571048,78,174,315
99571053,78,174,315
99571067,78,174,315
99571072,78,174,315
99571086,78,174,315
99571091,78,174,315
99571114,78,174,315
99571128,78,174,315
99571133,78,174,315
99571147,78,174,315
99571152,78,174,315
00249487,75,159,295
00372566,2,11,24
00518272,2,11,18
10505716,79,175,316
19009562,75,159,295
19494935,75,160,296
19494978,75,159,295
19564358,80,177,318
19568479,81,179,321
29009547,2,11,20
29019594,75,159,295
29564391,80,177,318
30249546,75,160,297
39241032,77,168,308
40249485,14,38,65
40395245,2,11,23
40518270,2,11,18
49009551,75,160,297
49496004,2,11,23
49569199,80,177,318
59248612,76,163,303
59386566,75,160,296
59444142,77,169,310
59495037,75,160,298
59569231,80,177,318
60480780,77,168,309
69494914,75,160,297
79227755,77,170,311
79441802,17,48,85
79564384,80,177,318
79568283,1,10,16
80249558,2,11,20
80253809,82,180,322
80372553,77,168,308
80459650,75,160,296
89019572,75,160,297
89241020,2,11,24
89386070,77,171,312
89388333,75,160,296
99009558,14,38,65
99241029,80,178,320
99441778,83,184,326
99441820,83,185,327
99564335,80,177,318
60564845,84,186,328
69568354,79,176,317
89568386,79,176,317
60490449,80,177,319
80490453,3,12,32
09435588,85,187,329
10411242,85,188,330
19542639,85,187,329
29542021,85,187,329
39435841,85,187,329
39542025,85,187,329
40411410,25,107,206
49437463,85,187,329
50454036,85,189,331
59428873,85,187,329
59542637,85,187,329
69302566,85,190,332
69520258,85,187,329
70242086,86,191,333
79437447,85,187,329
79437452,85,187,329
79542028,85,187,329
89435594,85,187,329
89520158,85,187,329
89542023,85,187,329
90299449,87,192,334
99428866,85,187,329
00102452,88,193,335
00239233,88,193,336
20467629,88,193,335
59563899,82,181,323
69563889,77,172,313
80411272,88,193,337
89563911,89,194,338
99239451,77,173,314
19185433,90,195,339
19326428,90,196,341
29123958,90,196,342
29580126,90,196,342
49046068,90,196,343
49421508,90,196,343
50456417,90,197,344
50465761,82,182,324
69185435,90,195,340
69326609,90,196,341
70305700,90,198,345
79418806,90,196,342
90456415,90,197,344
00554057,82,183,325
10542115,91,199,346
20506145,92,201,350
40528448,91,199,347
80332468,91,199,348
80542126,91,200,349
00307321,93,202,351
00309872,93,202,352
00309891,93,202,353
00322190,93,202,352
00323076,93,202,351
00372750,93,202,354
09307755,94,203,356
09414661,95,205,367
09414675,95,205,368
09414699,95,205,369
09570449,94,203,357
09570468,95,206,372
09570473,94,203,357
09570487,95,206,372
09570492,94,203,357
09570519,95,206,373
09570538,94,203,358
09570543,94,203,358
09570557,94,203,358
09570595,94,203,358
09570604,95,206,373
09570618,95,206,373
09570623,94,203,358
09570642,94,203,358
09570656,95,206,373
09570661,95,206,373
09570675,94,203,359
09570680,94,203,359
09570699,95,206,374
09570703,94,203,359
09570717,94,203,359
09570722,94,203,359
09570736,95,206,374
09570741,94,203,359
09570755,94,203,359
09570760,94,203,359
09570779,95,206,374
09570784,94,203,359
09570798,94,203,359
09570802,94,203,359
09570840,94,203,360
09570859,94,203,360
09570897,94,203,360
09570901,94,203,360
09570915,94,203,360
09570920,95,206,375
09570939,94,203,360
09570944,94,203,360
09570958,94,203,360
09570963,94,203,360
09570982,94,203,361
09570996,94,203,361
09571000,94,203,361
09571019,95,206,376
09571024,95,206,376
09575569,95,206,376
09575574,94,203,361
10307330,93,202,351
10322689,93,202,355
19414670,95,205,368
19570444,94,203,357
19570458,94,203,357
19570482,94,203,357
19570496,94,203,357
19570509,95,206,373
19570514,95,206,373
19570528,94,203,358
19570533,94,203,358
19570566,94,203,358
19570608,94,203,358
19570613,94,203,358
19570627,94,203,358
19570632,94,203,358
19570646,94,203,358
19570665,95,206,373
19570689,94,203,359
19570694,94,203,359
19570707,94,203,359
19570712,94,203,359
19570745,94,203,359
19570750,95,206,374
19570774,95,206,374
19570788,94,203,359
19570793,94,203,359
19570806,94,203,359
19570830,95,206,375
19570849,94,203,360
19570854,95,206,375
19570905,94,203,360
19570910,94,203,360
19570929,94,203,360
19570934,95,206,375
19570948,95,206,375
19570953,94,203,360
19570967,94,203,360
19570986,95,206,376
19571009,95,206,376
19571014,94,203,361
19571028,94,203,361
19571033,94,203,361
20307320,94,204,362
20309885,94,204,363
20322684,94,204,363
20323075,94,204,364
20372754,94,204,365
29414660,95,205,367
29414702,95,205,369
29570434,95,206,372
29570448,94,203,357
29570453,94,203,357
29570467,95,206,372
29570472,94,203,357
29570486,95,206,372
29570491,95,206,372
29570504,94,203,357
29570518,95,206,373
29570523,94,203,358
29570537,94,203,358
29570542,94,203,358
29570556,94,203,358
29570561,94,203,358
29570599,95,206,373
29570603,94,203,358
29570617,95,206,373
29570622,94,203,358
29570655,95,206,373
29570679,94,203,359
29570684,95,206,374
29570702,94,203,359
29570716,94,203,359
29570721,94,203,359
29570735,95,206,374
29570740,94,203,359
29570778,95,206,374
29570783,94,203,359
29570797,94,203,359
29570801,94,203,359
29570839,94,203,360
29570844,94,203,360
29570858,94,203,360
29570896,95,206,375
29570900,94,203,360
29570919,95,206,375
29570924,94,203,360
29570938,94,203,360
29570943,94,203,360
29570957,94,203,360
29570962,95,206,375
29570981,94,203,361
29570995,94,203,361
29571004,95,206,376
29571018,95,206,376
29571023,95,206,376
29575568,95,206,376
29575573,94,203,361
30307329,93,202,355
30309875,94,204,362
30309903,93,202,351
30322688,93,202,355
39414669,95,205,368
39414693,95,205,370
39414706,95,205,369
39570443,94,203,357
39570457,94,203,357
39570476,94,203,357
39570481,94,203,357
39570495,94,203,357
39570508,95,206,373
39570513,95,206,373
39570527,94,203,358
39570532,94,203,358
39570546,94,203,358
39570551,94,203,358
39570565,95,206,373
39570594,94,203,358
39570607,94,203,358
39570612,94,203,358
39570626,94,203,358
39570631,94,203,358
39570645,94,203,358
39570669,95,206,374
39570674,94,203,359
39570688,94,203,359
39570693,94,203,359
39570706,94,203,359
39570711,94,203,359
39570725,95,206,374
39570754,94,203,359
39570768,95,206,374
39570773,95,206,374
39570787,94,203,359
39570792,94,203,359
39570805,94,203,359
39570810,94,203,359
39570829,95,206,375
39570834,94,203,360
39570853,95,206,375
39570909,95,206,375
39570914,94,203,360
39570928,94,203,360
39570933,95,206,375
39570947,95,206,375
39570952,94,203,360
39570966,94,203,360
39570985,95,206,376
39571013,94,203,361
39571027,94,203,361
39571032,94,203,361
40307319,94,204,363
40307338,93,202,351
40309870,93,202,352
40309889,93,202,353
40309894,94,204,366
40322193,93,202,352
40322683,93,202,353
40372734,93,202,354
49414664,95,205,367
49414678,95,205,371
49414701,95,205,369
49570447,94,203,357
49570452,95,206,372
49570466,95,206,372
49570471,94,203,357
49570485,94,203,357
49570490,95,206,372
49570503,94,203,357
49570517,95,206,373
49570522,94,203,358
49570536,94,203,358
49570541,94,203,358
49570555,94,203,358
49570598,95,206,373
49570602,94,203,358
49570621,94,203,358
49570659,95,206,373
49570664,95,206,373
49570678,94,203,359
49570683,95,206,374
49570697,95,206,374
49570701,95,206,374
49570715,94,203,359
49570739,94,203,359
49570744,94,203,359
49570758,94,203,359
49570777,95,206,374
49570782,94,203,359
49570796,94,203,359
49570838,94,203,360
49570843,94,203,360
49570857,94,203,360
49570895,95,206,375
49570904,94,203,360
49570918,95,206,375
49570923,94,203,360
49570937,94,203,360
49570942,94,203,360
49570956,94,203,360
49570961,95,206,375
49570980,94,203,361
49570999,94,203,361
49571003,95,206,376
49571017,95,206,376
49571022,95,206,376
49575567,95,206,376
49575572,94,203,361
50307333,93,202,352
50309879,93,202,355
50309898,93,202,351
50372738,93,202,354
59414668,95,205,367
59414692,95,205,370
59414705,95,205,369
59570437,95,206,372
59570442,94,203,357
59570461,94,203,357
59570475,94,203,357
59570480,94,203,357
59570507,94,203,357
59570512,95,206,373
59570526,94,203,358
59570531,94,203,358
59570545,94,203,358
59570550,94,203,358
59570569,94,203,358
59570588,95,206,373
59570593,94,203,358
59570606,94,203,358
59570611,94,203,358
59570625,94,203,358
59570649,94,203,358
59570668,95,206,374
59570673,94,203,359
59570687,94,203,359
59570692,94,203,359
59570705,94,203,359
59570734,95,206,374
59570748,95,206,374
59570753,94,203,359
59570767,95,206,374
59570772,95,206,374
59570786,94,203,359
59570809,94,203,359
59570833,95,206,375
59570847,94,203,360
59570852,95,206,375
59570908,95,206,375
59570913,94,203,360
59570927,94,203,360
59570932,95,206,375
59570946,95,206,375
59570951,94,203,360
59570965,94,203,360
59570970,94,203,360
59570994,94,203,361
59571007,95,206,376
59571012,94,203,361
59571026,94,203,361
59571031,94,203,361
60172220,94,203,356
60309893,94,204,366
60372733,94,204,365
69414677,95,205,371
69414696,95,205,370
69414700,95,205,369
69570451,95,206,372
69570465,95,206,372
69570470,94,203,357
69570489,95,206,372
69570494,94,203,357
69570502,94,203,357
69570516,95,206,373
69570521,94,203,358
69570559,94,203,358
69570564,95,206,373
69570601,94,203,358
69570658,95,206,373
69570663,95,206,373
69570677,94,203,359
69570682,95,206,374
69570696,95,206,374
69570719,94,203,359
69570724,95,206,374
69570738,94,203,359
69570743,94,203,359
69570757,94,203,359
69570762,94,203,359
69570776,95,206,374
69570795,94,203,359
69570804,94,203,359
69570837,94,203,360
69570842,94,203,360
69570856,94,203,360
69570903,94,203,360
69570917,94,203,360
69570922,94,203,360
69570936,94,203,360
69570941,94,203,360
69570955,94,203,360
69570960,95,206,375
69570984,95,206,376
69571002,95,206,376
69571016,95,206,376
69571021,95,206,376
69571035,94,203,361
69575571,95,206,376
70307327,93,202,352
70307332,93,202,355
70309901,93,202,351
70372737,94,204,365
79414667,95,205,367
79414672,95,205,368
79414691,95,205,370
79570436,95,206,372
79570441,94,203,357
79570460,94,203,357
79570484,94,203,357
79570498,94,203,357
79570506,94,203,357
79570511,95,206,373
79570525,94,203,358
79570549,94,203,358
79570554,95,206,373
79570568,94,203,358
79570587,95,206,373
79570592,94,203,358
79570605,95,206,373
79570629,94,203,358
79570634,94,203,358
79570648,94,203,358
79570653,94,203,358
79570667,95,206,373
79570672,95,206,374
79570686,94,203,359
79570691,94,203,359
79570709,94,203,359
79570714,95,206,374
79570733,95,206,374
79570747,95,206,374
79570752,94,203,359
79570766,95,206,374
79570771,95,206,374
79570785,94,203,359
79570790,94,203,359
79570808,94,203,359
79570832,95,206,375
79570846,94,203,360
79570851,94,203,360
79570894,95,206,375
79570907,95,206,375
79570912,94,203,360
79570926,94,203,360
79570931,94,203,360
79570945,94,203,360
79570969,94,203,360
79570993,94,203,361
79571006,95,206,376
79571011,95,206,376
79571025,94,203,361
79575575,94,203,361
80322191,93,202,352
80372751,93,202,354
89307756,94,203,356
89414676,95,205,368
89414695,95,205,370
89570450,94,203,357
89570469,95,206,372
89570474,94,203,357
89570488,95,206,372
89570493,94,203,357
89570515,95,206,373
89570520,95,206,373
89570539,94,203,358
89570544,94,203,358
89570558,94,203,358
89570600,94,203,358
89570619,94,203,358
89570624,94,203,358
89570643,94,203,358
89570657,95,206,373
89570662,95,206,373
89570676,94,203,359
89570695,94,203,359
89570704,94,203,359
89570718,94,203,359
89570723,94,203,359
89570737,94,203,359
89570742,94,203,359
89570756,94,203,359
89570761,94,203,359
89570775,95,206,374
89570780,94,203,359
89570799,94,203,359
89570803,94,203,359
89570836,94,203,360
89570841,94,203,360
89570855,95,206,375
89570898,94,203,360
89570902,94,203,360
89570916,94,203,360
89570921,95,206,375
89570935,95,206,375
89570940,94,203,360
89570959,95,206,375
89570964,94,203,360
89570983,94,203,361
89570997,94,203,361
89571001,94,203,361
89571015,94,203,361
90307331,93,202,351
90309882,93,202,355
90309900,93,202,351
90322195,94,204,362
90322685,94,204,363
90372755,93,202,354
99414666,95,205,367
99414671,95,205,368
99414690,95,205,370
99570435,95,206,372
99570464,95,206,372
99570483,94,203,357
99570497,94,203,357
99570505,94,203,357
99570529,94,203,358
99570534,94,203,358
99570548,94,203,358
99570553,95,206,373
99570567,94,203,358
99570609,94,203,358
99570614,94,203,358
99570628,94,203,358
99570633,94,203,358
99570652,94,203,358
99570666,95,206,373
99570671,95,206,374
99570685,95,206,374
99570690,94,203,359
99570708,94,203,359
99570713,95,206,374
99570746,94,203,359
99570751,95,206,374
99570789,94,203,359
99570794,94,203,359
99570807,94,203,359
99570845,94,203,360
99570893,95,206,375
99570906,95,206,375
99570911,94,203,360
99570925,94,203,360
99570930,94,203,360
99570949,95,206,375
99570954,94,203,360
99570968,94,203,360
99570987,95,206,376
99571005,95,206,376
99571029,94,203,361
99571034,94,203,361
